<?xml version="1.0" encoding="UTF-8"?>
<project-private xmlns="http://www.netbeans.org/ns/project-private/1">
    <editor-bookmarks xmlns="http://www.netbeans.org/ns/editor-bookmarks/2" lastBookmarkId="0"/>
    <open-files xmlns="http://www.netbeans.org/ns/projectui-open-files/2">
        <group>
            <file>file://ueahome4/stusci1/ngx16ybu/data/Documents/NetBeansProjects/dsacoursework2/src/dsacoursework2/TrieNode.java</file>
            <file>file://ueahome4/stusci1/ngx16ybu/data/Documents/NetBeansProjects/dsacoursework2/src/dsacoursework2/Trie.java</file>
            <file>file://ueahome4/stusci1/ngx16ybu/data/Documents/NetBeansProjects/dsacoursework2/src/dsacoursework2/DictionaryFinder.java</file>
            <file>file://ueahome4/stusci1/ngx16ybu/data/Documents/NetBeansProjects/dsacoursework2/src/dsacoursework2/AutoCompletion.java</file>
        </group>
    </open-files>
</project-private>
